<?xml version="1.0" encoding="UTF-8"?>
<project-private xmlns="http://www.netbeans.org/ns/project-private/1">
    <editor-bookmarks xmlns="http://www.netbeans.org/ns/editor-bookmarks/2" lastBookmarkId="0"/>
    <open-files xmlns="http://www.netbeans.org/ns/projectui-open-files/2">
        <group>
            <file>file:/D:/Study/Java2%20Fpoly/LABS/Table/src/Bai4/Student.java</file>
            <file>file:/D:/Study/Java2%20Fpoly/LABS/Table/src/ql/hocsinh/QlSv.java</file>
            <file>file:/D:/Study/Java2%20Fpoly/LABS/Table/src/ql/hocsinh/Student.java</file>
            <file>file:/D:/Study/Java2%20Fpoly/LABS/Table/src/Bai4/main.java</file>
        </group>
    </open-files>
</project-private>
