<?xml version="1.0" encoding="UTF-8"?>
<project-private xmlns="http://www.netbeans.org/ns/project-private/1">
    <editor-bookmarks xmlns="http://www.netbeans.org/ns/editor-bookmarks/2" lastBookmarkId="0"/>
    <open-files xmlns="http://www.netbeans.org/ns/projectui-open-files/2">
        <group>
            <file>file:/D:/Study/Java2%20Fpoly/LABS/Labs/src/Lab3/StudentManager.java</file>
            <file>file:/D:/Study/Java2%20Fpoly/LABS/Labs/src/test/Student.java</file>
            <file>file:/D:/Study/Java2%20Fpoly/LABS/Labs/src/Lab1/CheckDay.java</file>
            <file>file:/D:/Study/Java2%20Fpoly/LABS/Labs/src/Lab2/Employee.java</file>
            <file>file:/D:/Study/Java2%20Fpoly/LABS/Labs/src/Lab3/Student.java</file>
            <file>file:/D:/Study/Java2%20Fpoly/LABS/Labs/src/test/StudentMananger.java</file>
            <file>file:/D:/Study/Java2%20Fpoly/LABS/Labs/src/Lab1/Weekday.java</file>
            <file>file:/D:/Study/Java2%20Fpoly/LABS/Labs/src/Lab2/EmployeeManager.java</file>
        </group>
    </open-files>
</project-private>
